number,title,url
"760","[TODO] web\simplebeacon-dashboard\js\views\DashboardView.js:380 — (security): review innerHTML usage here and sanitize dynamic content where applicable","https://github.com/tjp420/CascadeProjects/issues/760"
"759","[TODO] web\simplebeacon-dashboard\js\views\DashboardView.js:312 — (security): review innerHTML usage here and sanitize dynamic content where applicable","https://github.com/tjp420/CascadeProjects/issues/759"
"758","[TODO] web\simplebeacon-dashboard\js\views\DashboardView.js:265 — (security): review innerHTML usage here and sanitize dynamic content where applicable","https://github.com/tjp420/CascadeProjects/issues/758"
"757","[TODO] web\simplebeacon-dashboard\js\views\DashboardView.js:250 — (security): review innerHTML usage here and sanitize dynamic content where applicable","https://github.com/tjp420/CascadeProjects/issues/757"
"756","[TODO] web\simplebeacon-dashboard\js\views\DashboardView.js:226 — (security): review innerHTML usage here and sanitize dynamic content where applicable","https://github.com/tjp420/CascadeProjects/issues/756"
"755","[TODO] web\simplebeacon-dashboard\js\views\ChatbotView.js.patch-fix:733 — (security): review innerHTML usage here and sanitize dynamic content where applicable","https://github.com/tjp420/CascadeProjects/issues/755"
"754","[TODO] web\simplebeacon-dashboard\js\views\ChatbotView.js.patch-fix:584 — (security): review innerHTML usage here and sanitize dynamic content where applicable","https://github.com/tjp420/CascadeProjects/issues/754"
"753","[TODO] web\simplebeacon-dashboard\js\views\ChatbotView.js.patch-fix:573 — (security): review innerHTML usage here and sanitize dynamic content where applicable","https://github.com/tjp420/CascadeProjects/issues/753"
"752","[TODO] web\simplebeacon-dashboard\js\views\ChatbotView.js.patch-fix:561 — (security): review innerHTML usage here and sanitize dynamic content where applicable","https://github.com/tjp420/CascadeProjects/issues/752"
"751","[TODO] web\simplebeacon-dashboard\js\views\ChatbotView.js.patch-fix:548 — (security): review innerHTML usage here and sanitize dynamic content where applicable","https://github.com/tjp420/CascadeProjects/issues/751"
"750","[TODO] web\simplebeacon-dashboard\js\views\ChatbotView.js.patch-fix:527 — (security): review innerHTML usage here and sanitize dynamic content where applicable","https://github.com/tjp420/CascadeProjects/issues/750"
"749","[TODO] web\simplebeacon-dashboard\js\views\ChatbotView.js.patch-fix:396 — (security): review innerHTML usage here and sanitize dynamic content where applicable","https://github.com/tjp420/CascadeProjects/issues/749"
"748","[TODO] web\simplebeacon-dashboard\js\views\ChatbotView.js.patch-fix:377 — (security): review innerHTML usage here and sanitize dynamic content where applicable","https://github.com/tjp420/CascadeProjects/issues/748"
"747","[TODO] web\simplebeacon-dashboard\js\views\ChatbotView.js.patch-fix:204 — (security): review innerHTML usage here and sanitize dynamic content where applicable","https://github.com/tjp420/CascadeProjects/issues/747"
"746","[TODO] web\simplebeacon-dashboard\js\views\ChatbotView.js.patch-fix:55 — (security): review innerHTML usage here and sanitize dynamic content where applicable","https://github.com/tjp420/CascadeProjects/issues/746"
"737","[TODO] web\dashboard\js\views\ToolsView.js:415 — (security): review innerHTML usage here and sanitize dynamic content where applicable","https://github.com/tjp420/CascadeProjects/issues/737"
"736","[TODO] web\dashboard\js\views\ToolsView.js:403 — (security): review innerHTML usage here and sanitize dynamic content where applicable","https://github.com/tjp420/CascadeProjects/issues/736"
"735","[TODO] web\dashboard\js\views\ToolsView.js:397 — (security): review innerHTML usage here and sanitize dynamic content where applicable","https://github.com/tjp420/CascadeProjects/issues/735"
"734","[TODO] web\dashboard\js\views\ToolsView.js:379 — (security): review innerHTML usage here and sanitize dynamic content where applicable","https://github.com/tjp420/CascadeProjects/issues/734"
"733","[TODO] web\dashboard\js\views\ToolsView.js:373 — (security): review innerHTML usage here and sanitize dynamic content where applicable","https://github.com/tjp420/CascadeProjects/issues/733"
"732","[TODO] web\dashboard\js\views\ToolsView.js:271 — (security): review innerHTML usage here and sanitize dynamic content where applicable","https://github.com/tjp420/CascadeProjects/issues/732"
"731","[TODO] web\dashboard\js\views\ToolsView.js:137 — (security): review innerHTML usage here and sanitize dynamic content where applicable","https://github.com/tjp420/CascadeProjects/issues/731"
"730","[TODO] web\dashboard\js\views\SettingsView.js.patch-fix:1174 — (security): review innerHTML usage here and sanitize dynamic content where applicable","https://github.com/tjp420/CascadeProjects/issues/730"
"729","[TODO] web\dashboard\js\views\SettingsView.js.patch-fix:1136 — (security): review innerHTML usage here and sanitize dynamic content where applicable","https://github.com/tjp420/CascadeProjects/issues/729"
"728","[TODO] web\dashboard\js\views\SettingsView.js.patch-fix:309 — (security): review innerHTML usage here and sanitize dynamic content where applicable","https://github.com/tjp420/CascadeProjects/issues/728"
"727","[TODO] web\dashboard\js\views\SettingsView.js.patch-fix:292 — (security): review innerHTML usage here and sanitize dynamic content where applicable","https://github.com/tjp420/CascadeProjects/issues/727"
"726","[TODO] web\dashboard\js\views\SettingsView.js.patch-fix:280 — (security): review innerHTML usage here and sanitize dynamic content where applicable","https://github.com/tjp420/CascadeProjects/issues/726"
"725","[TODO] web\dashboard\js\views\SettingsView.js.patch-fix:190 — (security): review innerHTML usage here and sanitize dynamic content where applicable","https://github.com/tjp420/CascadeProjects/issues/725"
"723","[TODO] web\dashboard\js\views\SettingsView.js:1172 — (security): review innerHTML usage here and sanitize dynamic content where applicable","https://github.com/tjp420/CascadeProjects/issues/723"
"722","[TODO] web\dashboard\js\views\SettingsView.js:1134 — (security): review innerHTML usage here and sanitize dynamic content where applicable","https://github.com/tjp420/CascadeProjects/issues/722"
"721","[TODO] web\dashboard\js\views\SettingsView.js:307 — (security): review innerHTML usage here and sanitize dynamic content where applicable","https://github.com/tjp420/CascadeProjects/issues/721"
"720","[TODO] web\dashboard\js\views\SettingsView.js:290 — (security): review innerHTML usage here and sanitize dynamic content where applicable","https://github.com/tjp420/CascadeProjects/issues/720"
"719","[TODO] web\dashboard\js\views\SettingsView.js:278 — (security): review innerHTML usage here and sanitize dynamic content where applicable","https://github.com/tjp420/CascadeProjects/issues/719"
"718","[TODO] web\dashboard\js\views\SettingsView.js:188 — (security): review innerHTML usage here and sanitize dynamic content where applicable","https://github.com/tjp420/CascadeProjects/issues/718"
"717","[TODO] web\dashboard\js\views\RemediationRoadmapView.js:979 — (security): review innerHTML usage here and sanitize dynamic content where applicable","https://github.com/tjp420/CascadeProjects/issues/717"
"716","[TODO] web\dashboard\js\views\RemediationRoadmapView.js:764 — (security): review innerHTML usage here and sanitize dynamic content where applicable","https://github.com/tjp420/CascadeProjects/issues/716"
"715","[TODO] web\dashboard\js\views\RemediationRoadmapView.js:585 — (security): review innerHTML usage here and sanitize dynamic content where applicable","https://github.com/tjp420/CascadeProjects/issues/715"
"714","[TODO] web\dashboard\js\views\DashboardView.js:529 — (security): review innerHTML usage here and sanitize dynamic content where applicable","https://github.com/tjp420/CascadeProjects/issues/714"
"713","[TODO] web\dashboard\js\views\DashboardView.js:380 — (security): review innerHTML usage here and sanitize dynamic content where applicable","https://github.com/tjp420/CascadeProjects/issues/713"
"712","[TODO] web\dashboard\js\views\DashboardView.js:312 — (security): review innerHTML usage here and sanitize dynamic content where applicable","https://github.com/tjp420/CascadeProjects/issues/712"
"711","[TODO] web\dashboard\js\views\DashboardView.js:265 — (security): review innerHTML usage here and sanitize dynamic content where applicable","https://github.com/tjp420/CascadeProjects/issues/711"
"710","[TODO] web\dashboard\js\views\DashboardView.js:250 — (security): review innerHTML usage here and sanitize dynamic content where applicable","https://github.com/tjp420/CascadeProjects/issues/710"
"709","[TODO] web\dashboard\js\views\DashboardView.js:226 — (security): review innerHTML usage here and sanitize dynamic content where applicable","https://github.com/tjp420/CascadeProjects/issues/709"
"708","[TODO] web\dashboard\js\views\ChatbotView.js.patch-fix:696 — (security): review innerHTML usage here and sanitize dynamic content where applicable","https://github.com/tjp420/CascadeProjects/issues/708"
"707","[TODO] web\dashboard\js\views\ChatbotView.js.patch-fix:547 — (security): review innerHTML usage here and sanitize dynamic content where applicable","https://github.com/tjp420/CascadeProjects/issues/707"
"706","[TODO] web\dashboard\js\views\ChatbotView.js.patch-fix:536 — (security): review innerHTML usage here and sanitize dynamic content where applicable","https://github.com/tjp420/CascadeProjects/issues/706"
"705","[TODO] web\dashboard\js\views\ChatbotView.js.patch-fix:524 — (security): review innerHTML usage here and sanitize dynamic content where applicable","https://github.com/tjp420/CascadeProjects/issues/705"
"704","[TODO] web\dashboard\js\views\ChatbotView.js.patch-fix:511 — (security): review innerHTML usage here and sanitize dynamic content where applicable","https://github.com/tjp420/CascadeProjects/issues/704"
"703","[TODO] web\dashboard\js\views\ChatbotView.js.patch-fix:490 — (security): review innerHTML usage here and sanitize dynamic content where applicable","https://github.com/tjp420/CascadeProjects/issues/703"
"702","[TODO] web\dashboard\js\views\ChatbotView.js.patch-fix:359 — (security): review innerHTML usage here and sanitize dynamic content where applicable","https://github.com/tjp420/CascadeProjects/issues/702"
"701","[TODO] web\dashboard\js\views\ChatbotView.js.patch-fix:340 — (security): review innerHTML usage here and sanitize dynamic content where applicable","https://github.com/tjp420/CascadeProjects/issues/701"
"700","[TODO] web\dashboard\js\views\ChatbotView.js.patch-fix:167 — (security): review innerHTML usage here and sanitize dynamic content where applicable","https://github.com/tjp420/CascadeProjects/issues/700"
"699","[TODO] web\dashboard\js\views\ChatbotView.js.patch-fix:38 — (security): review innerHTML usage here and sanitize dynamic content where applicable","https://github.com/tjp420/CascadeProjects/issues/699"
"697","[TODO] web\dashboard\js\views\ChatbotView.js:694 — (security): review innerHTML usage here and sanitize dynamic content where applicable","https://github.com/tjp420/CascadeProjects/issues/697"
"696","[TODO] web\dashboard\js\views\ChatbotView.js:545 — (security): review innerHTML usage here and sanitize dynamic content where applicable","https://github.com/tjp420/CascadeProjects/issues/696"
"695","[TODO] web\dashboard\js\views\ChatbotView.js:534 — (security): review innerHTML usage here and sanitize dynamic content where applicable","https://github.com/tjp420/CascadeProjects/issues/695"
"694","[TODO] web\dashboard\js\views\ChatbotView.js:522 — (security): review innerHTML usage here and sanitize dynamic content where applicable","https://github.com/tjp420/CascadeProjects/issues/694"
"693","[TODO] web\dashboard\js\views\ChatbotView.js:509 — (security): review innerHTML usage here and sanitize dynamic content where applicable","https://github.com/tjp420/CascadeProjects/issues/693"
"692","[TODO] web\dashboard\js\views\ChatbotView.js:488 — (security): review innerHTML usage here and sanitize dynamic content where applicable","https://github.com/tjp420/CascadeProjects/issues/692"
"691","[TODO] web\dashboard\js\views\ChatbotView.js:357 — (security): review innerHTML usage here and sanitize dynamic content where applicable","https://github.com/tjp420/CascadeProjects/issues/691"
"690","[TODO] web\dashboard\js\views\ChatbotView.js:338 — (security): review innerHTML usage here and sanitize dynamic content where applicable","https://github.com/tjp420/CascadeProjects/issues/690"
"689","[TODO] web\dashboard\js\views\ChatbotView.js:165 — (security): review innerHTML usage here and sanitize dynamic content where applicable","https://github.com/tjp420/CascadeProjects/issues/689"
"688","[TODO] web\dashboard\js\views\ChatbotView.js:36 — (security): review innerHTML usage here and sanitize dynamic content where applicable","https://github.com/tjp420/CascadeProjects/issues/688"
"687","[TODO] web\dashboard\js\views\AnalyzeView.js:9080 — (security): review innerHTML usage here and sanitize dynamic content where applicable","https://github.com/tjp420/CascadeProjects/issues/687"
"686","[TODO] web\dashboard\js\views\AnalyzeView.js:226 — (security): review innerHTML usage here and sanitize dynamic content where applicable","https://github.com/tjp420/CascadeProjects/issues/686"
"677","[TODO] server\middleware\__tests__\upload-security.test.cjs:23 — cleanup mocks and test artifacts","https://github.com/tjp420/CascadeProjects/issues/677"
"676","[TODO] server\middleware\__tests__\upload-security.test.cjs:19 — initialize mock storage","https://github.com/tjp420/CascadeProjects/issues/676"